# iteration,trigger_backend,trigger_counter,target_backend,target_counter
1,1,1000000,11,1000000
1,1,1000001,11,1000002
1,1,1000003,5,1000000
1,5,16,11,1000004
1,1,1000004,5,1000017
1,5,33,5,1000034
1,5,50,11,1000005
1,1,1000006,5,1000051
1,5,67,11,1000007
1,1,1000007,5,1000068
1,5,85,6,1000000
2,1,1000008,11,1000008
2,1,1000008,5,1000086
2,5,102,5,1000103
2,5,119,11,1000009
2,1,1000010,5,1000120
2,5,136,11,1000011
2,1,1000011,5,1000137
2,5,154,6,1000003
3,1,1000012,11,1000012
3,1,1000012,5,1000155
3,5,171,5,1000172
3,5,188,11,1000013
3,1,1000014,5,1000189
3,5,205,11,1000015
3,1,1000015,5,1000206
3,5,223,6,1000006
